{
  "extrinsic": {
    "quaternion": [
      0.592188269837962,
      -0.584690916322556,
      0.39504292969920435,
      -0.3890895387065559
    ],
    "translation": [
      3.7484,
      0.0,
      0.68133
    ]
  },
  "intrinsic": {
    "aspect_ratio": 1.0,
    "cx_offset": 3.942,
    "cy_offset": -3.093,
    "height": 966.0,
    "k1": 339.749,
    "k2": -31.988,
    "k3": 48.275,
    "k4": -7.201,
    "model": "radial_poly",
    "poly_order": 4,
    "width": 1280.0
  },
  "name": "FV"
}