{
  "extrinsic": {
    "quaternion": [
      0.636314098922813,
      0.6310055318192165,
      -0.30810493642236725,
      -0.3193864970185268
    ],
    "translation": [
      -1.0678,
      0.0545,
      0.90934
    ]
  },
  "intrinsic": {
    "aspect_ratio": 1.0,
    "cx_offset": 6.67,
    "cy_offset": -3.291,
    "height": 966.0,
    "k1": 339.039,
    "k2": -29.815,
    "k3": 46.483,
    "k4": -6.655,
    "model": "radial_poly",
    "poly_order": 4,
    "width": 1280.0
  },
  "name": "RV"
}